K,Precision,Recall,Hit,MAP,MRR,nDCG,num_questions,num_questions_with_error
1,0.68,0.5366666666666666,0.68,0.68,0.68,0.68,50,0
3,0.3066666666666667,0.6866666666666665,0.86,0.6149999999999999,0.76,0.6678447765790484,50,0
5,0.204,0.7466666666666666,0.9,0.636,0.7689999999999999,0.6965089411541918,50,0
10,0.10799999999999998,0.7766666666666666,0.92,0.6423888888888889,0.7723333333333333,0.7084371318984918,50,0
15,0.07200000000000001,0.7766666666666666,0.92,0.6423888888888889,0.7723333333333333,0.7084371318984918,50,0
20,0.055,0.7966666666666665,0.94,0.6435653594771241,0.7735098039215687,0.7132333812298545,50,0
